[
  {
    "id": "03c2f933-57a8-4cac-821f-6b7bb969a34d",
    "data": [
      {
        "text": "bloquea",
        "meta": "@actions",
        "alias": "actions",
        "userDefined": false
      },
      {
        "text": " la ",
        "userDefined": false
      },
      {
        "text": "puerta",
        "meta": "@object",
        "alias": "object",
        "userDefined": false
      }
    ],
    "isTemplate": false,
    "count": 0,
    "lang": "es",
    "updated": 0
  },
  {
    "id": "22b965ec-ffe1-42b9-b7ae-f8a78498d0f8",
    "data": [
      {
        "text": "abre",
        "meta": "@actions",
        "alias": "actions",
        "userDefined": false
      },
      {
        "text": " la ",
        "userDefined": false
      },
      {
        "text": "ventana",
        "meta": "@object",
        "alias": "object",
        "userDefined": false
      },
      {
        "text": " de ",
        "userDefined": false
      },
      {
        "text": "la habitación",
        "meta": "@sys.ignore",
        "userDefined": false
      }
    ],
    "isTemplate": false,
    "count": 0,
    "lang": "es",
    "updated": 0
  },
  {
    "id": "d93c021a-75c7-4523-9864-fca5b2a1168f",
    "data": [
      {
        "text": "abre",
        "meta": "@actions",
        "alias": "actions",
        "userDefined": false
      },
      {
        "text": " la ",
        "userDefined": false
      },
      {
        "text": "ventana",
        "meta": "@object",
        "alias": "object",
        "userDefined": false
      }
    ],
    "isTemplate": false,
    "count": 0,
    "lang": "es",
    "updated": 0
  },
  {
    "id": "52c1cc0b-63cf-4b56-bca2-0a5a5686097f",
    "data": [
      {
        "text": "abre",
        "meta": "@actions",
        "alias": "actions",
        "userDefined": false
      },
      {
        "text": " a ",
        "userDefined": false
      },
      {
        "text": "puerta",
        "meta": "@object",
        "alias": "object",
        "userDefined": false
      }
    ],
    "isTemplate": false,
    "count": 0,
    "lang": "es",
    "updated": 0
  },
  {
    "id": "94253172-af85-4427-b3f2-8515582a1ed9",
    "data": [
      {
        "text": "cierra",
        "meta": "@actions",
        "alias": "actions",
        "userDefined": false
      },
      {
        "text": " la ",
        "userDefined": false
      },
      {
        "text": "puerta",
        "meta": "@object",
        "alias": "object",
        "userDefined": false
      }
    ],
    "isTemplate": false,
    "count": 0,
    "lang": "es",
    "updated": 0
  },
  {
    "id": "47a4fbd1-541c-475f-b238-4a402d958fde",
    "data": [
      {
        "text": "abre",
        "meta": "@actions",
        "alias": "actions",
        "userDefined": false
      },
      {
        "text": " la ",
        "userDefined": false
      },
      {
        "text": "puerta",
        "meta": "@object",
        "alias": "object",
        "userDefined": false
      },
      {
        "text": " del ",
        "userDefined": false
      },
      {
        "text": "garaje",
        "meta": "@sys.ignore",
        "userDefined": false
      }
    ],
    "isTemplate": false,
    "count": 0,
    "lang": "es",
    "updated": 0
  }
]